id,name,province,profileURL,lastDistributionURL,lastDistributionYear
urn:aec.gov.au:division:Bean,Bean,urn:iso:std:iso:3166:-2:AU-ACT,https://www.aec.gov.au/profiles/ACT/bean.htm,https://www.aec.gov.au/Electorates/Redistributions/2017/act/determination.htm,2018
urn:aec.gov.au:division:Canberra,Canberra,urn:iso:std:iso:3166:-2:AU-ACT,https://www.aec.gov.au/profiles/ACT/canberra.htm,https://www.aec.gov.au/Electorates/Redistributions/2017/act/determination.htm,2018
urn:aec.gov.au:division:Fenner,Fenner,urn:iso:std:iso:3166:-2:AU-ACT,https://www.aec.gov.au/profiles/ACT/fenner.htm,https://www.aec.gov.au/Electorates/Redistributions/2017/act/determination.htm,2018
urn:aec.gov.au:division:Banks,Banks,urn:iso:std:iso:3166:-2:AU-NSW,https://www.aec.gov.au/profiles/NSW/banks.htm,https://www.aec.gov.au/Electorates/Redistributions/2014/nsw/final-report/,2016
urn:aec.gov.au:division:Barton,Barton,urn:iso:std:iso:3166:-2:AU-NSW,https://www.aec.gov.au/profiles/NSW/Barton.htm,https://www.aec.gov.au/Electorates/Redistributions/2014/nsw/final-report/,2016
urn:aec.gov.au:division:Bennelong,Bennelong,urn:iso:std:iso:3166:-2:AU-NSW,https://www.aec.gov.au/profiles/NSWnsw/bennelong.htm.htm,https://www.aec.gov.au/Electorates/Redistributions/2014/nsw/final-report/,2016
urn:aec.gov.au:division:Berowra,Berowra,urn:iso:std:iso:3166:-2:AU-NSW,https://www.aec.gov.au/profiles/NSW/berowra.htm,https://www.aec.gov.au/Electorates/Redistributions/2014/nsw/final-report/,2016
urn:aec.gov.au:division:Blaxland,Blaxland,urn:iso:std:iso:3166:-2:AU-NSW,https://www.aec.gov.au/profiles/NSW/blaxland.htm,https://www.aec.gov.au/Electorates/Redistributions/2014/nsw/final-report/,2016
urn:aec.gov.au:division:Bradfield,Bradfield,urn:iso:std:iso:3166:-2:AU-NSW,https://www.aec.gov.au/profiles/NSW/bradfield.htm,https://www.aec.gov.au/Electorates/Redistributions/2014/nsw/final-report/,2016
urn:aec.gov.au:division:Calare,Calare,urn:iso:std:iso:3166:-2:AU-NSW,https://www.aec.gov.au/profiles/NSW/calare.htm,https://www.aec.gov.au/Electorates/Redistributions/2014/nsw/final-report/,2016
urn:aec.gov.au:division:Chifley,Chifley,urn:iso:std:iso:3166:-2:AU-NSW,https://www.aec.gov.au/profiles/NSW/chifley.htm,https://www.aec.gov.au/Electorates/Redistributions/2014/nsw/final-report/,2016
urn:aec.gov.au:division:Cook,Cook,urn:iso:std:iso:3166:-2:AU-NSW,https://www.aec.gov.au/profiles/NSW/cook.htm,https://www.aec.gov.au/Electorates/Redistributions/2014/nsw/final-report/,2016
urn:aec.gov.au:division:Cowper,Cowper,urn:iso:std:iso:3166:-2:AU-NSW,https://www.aec.gov.au/profiles/NSW/cowper.htm,https://www.aec.gov.au/Electorates/Redistributions/2014/nsw/final-report/,2016
urn:aec.gov.au:division:Cunningham,Cunningham,urn:iso:std:iso:3166:-2:AU-NSW,https://www.aec.gov.au/profiles/NSW/cunningham.htm,https://www.aec.gov.au/Electorates/Redistributions/2014/nsw/final-report/,2016
urn:aec.gov.au:division:Dobell,Dobell,urn:iso:std:iso:3166:-2:AU-NSW,https://www.aec.gov.au/profiles/NSW/dobell.htm,https://www.aec.gov.au/Electorates/Redistributions/2014/nsw/final-report/,2016
urn:aec.gov.au:division:Eden-Monaro,Eden-Monaro,urn:iso:std:iso:3166:-2:AU-NSW,https://www.aec.gov.au/profiles/NSW/eden-monaro.htm,https://www.aec.gov.au/Electorates/Redistributions/2014/nsw/final-report/,2016
urn:aec.gov.au:division:Farrer,Farrer,urn:iso:std:iso:3166:-2:AU-NSW,https://www.aec.gov.au/profiles/NSW/farrer.htm,https://www.aec.gov.au/Electorates/Redistributions/2014/nsw/final-report/,2016
urn:aec.gov.au:division:Fowler,Fowler,urn:iso:std:iso:3166:-2:AU-NSW,https://www.aec.gov.au/profiles/NSW/fowler.htm,https://www.aec.gov.au/Electorates/Redistributions/2014/nsw/final-report/,2016
urn:aec.gov.au:division:Gilmore,Gilmore,urn:iso:std:iso:3166:-2:AU-NSW,https://www.aec.gov.au/profiles/NSW/gilmore.htm,https://www.aec.gov.au/Electorates/Redistributions/2014/nsw/final-report/,2016
urn:aec.gov.au:division:Grayndler,Grayndler,urn:iso:std:iso:3166:-2:AU-NSW,https://www.aec.gov.au/profiles/NSW/grayndler.htm,https://www.aec.gov.au/Electorates/Redistributions/2014/nsw/final-report/,2016
urn:aec.gov.au:division:Greenway,Greenway,urn:iso:std:iso:3166:-2:AU-NSW,https://www.aec.gov.au/profiles/NSW/greenway.htm,https://www.aec.gov.au/Electorates/Redistributions/2014/nsw/final-report/,2016
urn:aec.gov.au:division:Hughes,Hughes,urn:iso:std:iso:3166:-2:AU-NSW,https://www.aec.gov.au/profiles/NSW/hughes.htm,https://www.aec.gov.au/Electorates/Redistributions/2014/nsw/final-report/,2016
urn:aec.gov.au:division:Hume,Hume,urn:iso:std:iso:3166:-2:AU-NSW,https://www.aec.gov.au/profiles/NSW/hume.htm,https://www.aec.gov.au/Electorates/Redistributions/2014/nsw/final-report/,2016
urn:aec.gov.au:division:Hunter,Hunter,urn:iso:std:iso:3166:-2:AU-NSW,https://www.aec.gov.au/profiles/NSW/hunter.htm,https://www.aec.gov.au/Electorates/Redistributions/2014/nsw/final-report/,2016
urn:aec.gov.au:division:KingsfordSmith,Kingsford Smith,urn:iso:std:iso:3166:-2:AU-NSW,https://www.aec.gov.au/profiles/NSW/kingsford-smith.htm,https://www.aec.gov.au/Electorates/Redistributions/2014/nsw/final-report/,2016
urn:aec.gov.au:division:Lindsay,Lindsay,urn:iso:std:iso:3166:-2:AU-NSW,https://www.aec.gov.au/profiles/NSW/lindsay.htm,https://www.aec.gov.au/Electorates/Redistributions/2014/nsw/final-report/,2016
urn:aec.gov.au:division:Lyne,Lyne,urn:iso:std:iso:3166:-2:AU-NSW,https://www.aec.gov.au/profiles/NSW/lyne.htm,https://www.aec.gov.au/Electorates/Redistributions/2014/nsw/final-report/,2016
urn:aec.gov.au:division:Macarthur,Macarthur,urn:iso:std:iso:3166:-2:AU-NSW,https://www.aec.gov.au/profiles/NSW/macarthur.htm,https://www.aec.gov.au/Electorates/Redistributions/2014/nsw/final-report/,2016
urn:aec.gov.au:division:Mackellar,Mackellar,urn:iso:std:iso:3166:-2:AU-NSW,https://www.aec.gov.au/profiles/NSW/mackellar.htm,https://www.aec.gov.au/Electorates/Redistributions/2014/nsw/final-report/,2016
urn:aec.gov.au:division:Macquarie,Macquarie,urn:iso:std:iso:3166:-2:AU-NSW,https://www.aec.gov.au/profiles/NSW/macquarie.htm,https://www.aec.gov.au/Electorates/Redistributions/2014/nsw/final-report/,2016
urn:aec.gov.au:division:McMahon,McMahon,urn:iso:std:iso:3166:-2:AU-NSW,https://www.aec.gov.au/profiles/NSW/mcmahon.htm,https://www.aec.gov.au/Electorates/Redistributions/2014/nsw/final-report/,2016
urn:aec.gov.au:division:Mitchell,Mitchell,urn:iso:std:iso:3166:-2:AU-NSW,https://www.aec.gov.au/profiles/NSW/mitchell.htm,https://www.aec.gov.au/Electorates/Redistributions/2014/nsw/final-report/,2016
urn:aec.gov.au:division:Newcastle,Newcastle,urn:iso:std:iso:3166:-2:AU-NSW,https://www.aec.gov.au/profiles/NSW/newcastle.htm,https://www.aec.gov.au/Electorates/Redistributions/2014/nsw/final-report/,2016
urn:aec.gov.au:division:NewEngland,New England,urn:iso:std:iso:3166:-2:AU-NSW,https://www.aec.gov.au/profiles/NSWnsw/new-england.htm.htm,https://www.aec.gov.au/Electorates/Redistributions/2014/nsw/final-report/,2016
urn:aec.gov.au:division:NorthSydney,North Sydney,urn:iso:std:iso:3166:-2:AU-NSW,https://www.aec.gov.au/profiles/NSWnsw/north-sydney.htm.htm,https://www.aec.gov.au/Electorates/Redistributions/2014/nsw/final-report/,2016
urn:aec.gov.au:division:Page,Page,urn:iso:std:iso:3166:-2:AU-NSW,https://www.aec.gov.au/profiles/NSW/page.htm,https://www.aec.gov.au/Electorates/Redistributions/2014/nsw/final-report/,2016
urn:aec.gov.au:division:Parkes,Parkes,urn:iso:std:iso:3166:-2:AU-NSW,https://www.aec.gov.au/profiles/NSW/parkes.htm,https://www.aec.gov.au/Electorates/Redistributions/2014/nsw/final-report/,2016
urn:aec.gov.au:division:Parramatta,Parramatta,urn:iso:std:iso:3166:-2:AU-NSW,https://www.aec.gov.au/profiles/NSW/parramatta.htm,https://www.aec.gov.au/Electorates/Redistributions/2014/nsw/final-report/,2016
urn:aec.gov.au:division:Paterson,Paterson,urn:iso:std:iso:3166:-2:AU-NSW,https://www.aec.gov.au/profiles/NSW/paterson.htm,https://www.aec.gov.au/Electorates/Redistributions/2014/nsw/final-report/,2016
urn:aec.gov.au:division:Reid,Reid,urn:iso:std:iso:3166:-2:AU-NSW,https://www.aec.gov.au/profiles/NSW/reid.htm,https://www.aec.gov.au/Electorates/Redistributions/2014/nsw/final-report/,2016
urn:aec.gov.au:division:Richmond,Richmond,urn:iso:std:iso:3166:-2:AU-NSW,https://www.aec.gov.au/profiles/NSW/richmond.htm,https://www.aec.gov.au/Electorates/Redistributions/2014/nsw/final-report/,2016
urn:aec.gov.au:division:Riverina,Riverina,urn:iso:std:iso:3166:-2:AU-NSW,https://www.aec.gov.au/profiles/NSW/riverina.htm,https://www.aec.gov.au/Electorates/Redistributions/2014/nsw/final-report/,2016
urn:aec.gov.au:division:Robertson,Robertson,urn:iso:std:iso:3166:-2:AU-NSW,https://www.aec.gov.au/profiles/NSW/robertson.htm,https://www.aec.gov.au/Electorates/Redistributions/2014/nsw/final-report/,2016
urn:aec.gov.au:division:Shortland,Shortland,urn:iso:std:iso:3166:-2:AU-NSW,https://www.aec.gov.au/profiles/NSW/shortland.htm,https://www.aec.gov.au/Electorates/Redistributions/2014/nsw/final-report/,2016
urn:aec.gov.au:division:Sydney,Sydney,urn:iso:std:iso:3166:-2:AU-NSW,https://www.aec.gov.au/profiles/NSW/sydney.htm,https://www.aec.gov.au/Electorates/Redistributions/2014/nsw/final-report/,2016
urn:aec.gov.au:division:Warringah,Warringah,urn:iso:std:iso:3166:-2:AU-NSW,https://www.aec.gov.au/profiles/NSW/warringah.htm,https://www.aec.gov.au/Electorates/Redistributions/2014/nsw/final-report/,2016
urn:aec.gov.au:division:Watson,Watson,urn:iso:std:iso:3166:-2:AU-NSW,https://www.aec.gov.au/profiles/NSW/watson.htm,https://www.aec.gov.au/Electorates/Redistributions/2014/nsw/final-report/,2016
urn:aec.gov.au:division:Wentworth,Wentworth,urn:iso:std:iso:3166:-2:AU-NSW,https://www.aec.gov.au/profiles/NSWnsw/wentworth.htm.htm,https://www.aec.gov.au/Electorates/Redistributions/2014/nsw/final-report/,2016
urn:aec.gov.au:division:Werriwa,Werriwa,urn:iso:std:iso:3166:-2:AU-NSW,https://www.aec.gov.au/profiles/NSW/werriwa.htm,https://www.aec.gov.au/Electorates/Redistributions/2014/nsw/final-report/,2016
urn:aec.gov.au:division:Whitlam,Whitlam,urn:iso:std:iso:3166:-2:AU-NSW,https://www.aec.gov.au/profiles/NSW/whitlam.htm,https://www.aec.gov.au/Electorates/Redistributions/2014/nsw/final-report/,2016
urn:aec.gov.au:division:Lingiari,Lingiari,urn:iso:std:iso:3166:-2:AU-NT,https://www.aec.gov.au/profiles/NT/lingiari.htm,https://www.aec.gov.au/Electorates/Redistributions/2015/nt/determination.htm,2017
urn:aec.gov.au:division:Solomon,Solomon,urn:iso:std:iso:3166:-2:AU-NT,https://www.aec.gov.au/profiles/NT/solomon.htm,https://www.aec.gov.au/Electorates/Redistributions/2015/nt/determination.htm,2017
urn:aec.gov.au:division:Blair,Blair,urn:iso:std:iso:3166:-2:AU-Qld,https://www.aec.gov.au/profiles/Qld/blair.htm,https://www.aec.gov.au/Electorates/Redistributions/2017/qld/determination.htm,2018
urn:aec.gov.au:division:Bonner,Bonner,urn:iso:std:iso:3166:-2:AU-Qld,https://www.aec.gov.au/profiles/Qld/bonner.htm,https://www.aec.gov.au/Electorates/Redistributions/2017/qld/determination.htm,2018
urn:aec.gov.au:division:Bowman,Bowman,urn:iso:std:iso:3166:-2:AU-Qld,https://www.aec.gov.au/profiles/Qld/bowman.htm,https://www.aec.gov.au/Electorates/Redistributions/2017/qld/determination.htm,2018
urn:aec.gov.au:division:Brisbane,Brisbane,urn:iso:std:iso:3166:-2:AU-Qld,https://www.aec.gov.au/profiles/Qld/brisbane.htm,https://www.aec.gov.au/Electorates/Redistributions/2017/qld/determination.htm,2018
urn:aec.gov.au:division:Capricornia,Capricornia,urn:iso:std:iso:3166:-2:AU-Qld,https://www.aec.gov.au/profiles/Qld/capricornia.htm,https://www.aec.gov.au/Electorates/Redistributions/2017/qld/determination.htm,2018
urn:aec.gov.au:division:Dawson,Dawson,urn:iso:std:iso:3166:-2:AU-Qld,https://www.aec.gov.au/profiles/Qld/dawson.htm,https://www.aec.gov.au/Electorates/Redistributions/2017/qld/determination.htm,2018
urn:aec.gov.au:division:Dickson,Dickson,urn:iso:std:iso:3166:-2:AU-Qld,https://www.aec.gov.au/profiles/Qld/dickson.htm,https://www.aec.gov.au/Electorates/Redistributions/2017/qld/determination.htm,2018
urn:aec.gov.au:division:Fadden,Fadden,urn:iso:std:iso:3166:-2:AU-Qld,https://www.aec.gov.au/profiles/Qld/fadden.htm,https://www.aec.gov.au/Electorates/Redistributions/2017/qld/determination.htm,2018
urn:aec.gov.au:division:Fairfax,Fairfax,urn:iso:std:iso:3166:-2:AU-Qld,https://www.aec.gov.au/profiles/Qld/fairfax.htm,https://www.aec.gov.au/Electorates/Redistributions/2017/qld/determination.htm,2018
urn:aec.gov.au:division:Fisher,Fisher,urn:iso:std:iso:3166:-2:AU-Qld,https://www.aec.gov.au/profiles/Qld/fisher.htm,https://www.aec.gov.au/Electorates/Redistributions/2017/qld/determination.htm,2018
urn:aec.gov.au:division:Flynn,Flynn,urn:iso:std:iso:3166:-2:AU-Qld,https://www.aec.gov.au/profiles/Qld/flynn.htm,https://www.aec.gov.au/Electorates/Redistributions/2017/qld/determination.htm,2018
urn:aec.gov.au:division:Forde,Forde,urn:iso:std:iso:3166:-2:AU-Qld,https://www.aec.gov.au/profiles/Qld/forde.htm,https://www.aec.gov.au/Electorates/Redistributions/2017/qld/determination.htm,2018
urn:aec.gov.au:division:Griffith,Griffith,urn:iso:std:iso:3166:-2:AU-Qld,https://www.aec.gov.au/profiles/Qld/griffith.htm,https://www.aec.gov.au/Electorates/Redistributions/2017/qld/determination.htm,2018
urn:aec.gov.au:division:Groom,Groom,urn:iso:std:iso:3166:-2:AU-Qld,https://www.aec.gov.au/profiles/Qld/groom.htm,https://www.aec.gov.au/Electorates/Redistributions/2017/qld/determination.htm,2018
urn:aec.gov.au:division:Herbert,Herbert,urn:iso:std:iso:3166:-2:AU-Qld,https://www.aec.gov.au/profiles/Qld/herbert.htm,https://www.aec.gov.au/Electorates/Redistributions/2017/qld/determination.htm,2018
urn:aec.gov.au:division:Hinkler,Hinkler,urn:iso:std:iso:3166:-2:AU-Qld,https://www.aec.gov.au/profiles/Qld/hinkler.htm,https://www.aec.gov.au/Electorates/Redistributions/2017/qld/determination.htm,2018
urn:aec.gov.au:division:Kennedy,Kennedy,urn:iso:std:iso:3166:-2:AU-Qld,https://www.aec.gov.au/profiles/Qld/kennedy.htm,https://www.aec.gov.au/Electorates/Redistributions/2017/qld/determination.htm,2018
urn:aec.gov.au:division:Leichhardt,Leichhardt,urn:iso:std:iso:3166:-2:AU-Qld,https://www.aec.gov.au/profiles/Qld/leichhardt.htm,https://www.aec.gov.au/Electorates/Redistributions/2017/qld/determination.htm,2018
urn:aec.gov.au:division:Lilley,Lilley,urn:iso:std:iso:3166:-2:AU-Qld,https://www.aec.gov.au/profiles/Qld/lilley.htm,https://www.aec.gov.au/Electorates/Redistributions/2017/qld/determination.htm,2018
urn:aec.gov.au:division:Longman,Longman,urn:iso:std:iso:3166:-2:AU-Qld,https://www.aec.gov.au/profiles/Qld/profiles/qld/longman.htm.htm,https://www.aec.gov.au/Electorates/Redistributions/2017/qld/determination.htm,2018
urn:aec.gov.au:division:Maranoa,Maranoa,urn:iso:std:iso:3166:-2:AU-Qld,https://www.aec.gov.au/profiles/Qld/maranoa.htm,https://www.aec.gov.au/Electorates/Redistributions/2017/qld/determination.htm,2018
urn:aec.gov.au:division:McPherson,McPherson,urn:iso:std:iso:3166:-2:AU-Qld,https://www.aec.gov.au/profiles/Qld/mcpherson.htm,https://www.aec.gov.au/Electorates/Redistributions/2017/qld/determination.htm,2018
urn:aec.gov.au:division:Moncrieff,Moncrieff,urn:iso:std:iso:3166:-2:AU-Qld,https://www.aec.gov.au/profiles/Qld/moncrieff.htm,https://www.aec.gov.au/Electorates/Redistributions/2017/qld/determination.htm,2018
urn:aec.gov.au:division:Moreton,Moreton,urn:iso:std:iso:3166:-2:AU-Qld,https://www.aec.gov.au/profiles/Qld/moreton.htm,https://www.aec.gov.au/Electorates/Redistributions/2017/qld/determination.htm,2018
urn:aec.gov.au:division:Oxley,Oxley,urn:iso:std:iso:3166:-2:AU-Qld,https://www.aec.gov.au/profiles/Qld/oxley.htm,https://www.aec.gov.au/Electorates/Redistributions/2017/qld/determination.htm,2018
urn:aec.gov.au:division:Petrie,Petrie,urn:iso:std:iso:3166:-2:AU-Qld,https://www.aec.gov.au/profiles/Qld/petrie.htm,https://www.aec.gov.au/Electorates/Redistributions/2017/qld/determination.htm,2018
urn:aec.gov.au:division:Rankin,Rankin,urn:iso:std:iso:3166:-2:AU-Qld,https://www.aec.gov.au/profiles/Qld/rankin.htm,https://www.aec.gov.au/Electorates/Redistributions/2017/qld/determination.htm,2018
urn:aec.gov.au:division:Ryan,Ryan,urn:iso:std:iso:3166:-2:AU-Qld,https://www.aec.gov.au/profiles/Qld/ryan.htm,https://www.aec.gov.au/Electorates/Redistributions/2017/qld/determination.htm,2018
urn:aec.gov.au:division:WideBay,Wide Bay,urn:iso:std:iso:3166:-2:AU-Qld,https://www.aec.gov.au/profiles/Qld/wide-bay.htm,https://www.aec.gov.au/Electorates/Redistributions/2017/qld/determination.htm,2018
urn:aec.gov.au:division:Wright,Wright,urn:iso:std:iso:3166:-2:AU-Qld,https://www.aec.gov.au/profiles/Qld/wright.htm,https://www.aec.gov.au/Electorates/Redistributions/2017/qld/determination.htm,2018
urn:aec.gov.au:division:Adelaide,Adelaide,urn:iso:std:iso:3166:-2:AU-SA,https://www.aec.gov.au/profiles/SA/adelaide.htm,https://www.aec.gov.au/Electorates/Redistributions/2017/sa/determination.htm,2018
urn:aec.gov.au:division:Barker,Barker,urn:iso:std:iso:3166:-2:AU-SA,https://www.aec.gov.au/profiles/SA/barker.htm,https://www.aec.gov.au/Electorates/Redistributions/2017/sa/determination.htm,2018
urn:aec.gov.au:division:Boothby,Boothby,urn:iso:std:iso:3166:-2:AU-SA,https://www.aec.gov.au/profiles/SA/boothby.htm,https://www.aec.gov.au/Electorates/Redistributions/2017/sa/determination.htm,2018
urn:aec.gov.au:division:Grey,Grey,urn:iso:std:iso:3166:-2:AU-SA,https://www.aec.gov.au/profiles/SA/grey.htm,https://www.aec.gov.au/Electorates/Redistributions/2017/sa/determination.htm,2018
urn:aec.gov.au:division:Hindmarsh,Hindmarsh,urn:iso:std:iso:3166:-2:AU-SA,https://www.aec.gov.au/profiles/SA/hindmarsh.htm,https://www.aec.gov.au/Electorates/Redistributions/2017/sa/determination.htm,2018
urn:aec.gov.au:division:Kingston,Kingston,urn:iso:std:iso:3166:-2:AU-SA,https://www.aec.gov.au/profiles/SA/kingston.htm,https://www.aec.gov.au/Electorates/Redistributions/2017/sa/determination.htm,2018
urn:aec.gov.au:division:Makin,Makin,urn:iso:std:iso:3166:-2:AU-SA,https://www.aec.gov.au/profiles/SA/makin.htm,https://www.aec.gov.au/Electorates/Redistributions/2017/sa/determination.htm,2018
urn:aec.gov.au:division:Mayo,Mayo,urn:iso:std:iso:3166:-2:AU-SA,https://www.aec.gov.au/profiles/SA/profiles/sa/mayo.htm.htm,https://www.aec.gov.au/Electorates/Redistributions/2017/sa/determination.htm,2018
urn:aec.gov.au:division:Spence,Spence,urn:iso:std:iso:3166:-2:AU-SA,https://www.aec.gov.au/profiles/SA/spence.htm,https://www.aec.gov.au/Electorates/Redistributions/2017/sa/determination.htm,2018
urn:aec.gov.au:division:Sturt,Sturt,urn:iso:std:iso:3166:-2:AU-SA,https://www.aec.gov.au/profiles/SA/sturt.htm,https://www.aec.gov.au/Electorates/Redistributions/2017/sa/determination.htm,2018
urn:aec.gov.au:division:Bass,Bass,urn:iso:std:iso:3166:-2:AU-Tas.,https://www.aec.gov.au/profiles/Tas./bass.htm,https://www.aec.gov.au/Electorates/Redistributions/2016/tas/final-report/maps-data.htm,2017
urn:aec.gov.au:division:Braddon,Braddon,urn:iso:std:iso:3166:-2:AU-Tas.,https://www.aec.gov.au/profiles/Tas./profiles/tas/braddon.htm.htm,https://www.aec.gov.au/Electorates/Redistributions/2016/tas/final-report/maps-data.htm,2017
urn:aec.gov.au:division:Clark,Clark,urn:iso:std:iso:3166:-2:AU-Tas.,https://www.aec.gov.au/profiles/Tas./clark.htm,https://www.aec.gov.au/Electorates/Redistributions/2016/tas/final-report/maps-data.htm,2017
urn:aec.gov.au:division:Franklin,Franklin,urn:iso:std:iso:3166:-2:AU-Tas.,https://www.aec.gov.au/profiles/Tas./franklin.htm,https://www.aec.gov.au/Electorates/Redistributions/2016/tas/final-report/maps-data.htm,2017
urn:aec.gov.au:division:Lyons,Lyons,urn:iso:std:iso:3166:-2:AU-Tas.,https://www.aec.gov.au/profiles/Tas./lyons.htm,https://www.aec.gov.au/Electorates/Redistributions/2016/tas/final-report/maps-data.htm,2017
urn:aec.gov.au:division:Aston,Aston,urn:iso:std:iso:3166:-2:AU-Vic.,https://www.aec.gov.au/profiles/Vic./aston.htm,https://www.aec.gov.au/Electorates/Redistributions/2017/vic/determination.htm,2018
urn:aec.gov.au:division:Ballarat,Ballarat,urn:iso:std:iso:3166:-2:AU-Vic.,https://www.aec.gov.au/profiles/Vic./ballarat.htm,https://www.aec.gov.au/Electorates/Redistributions/2017/vic/determination.htm,2018
urn:aec.gov.au:division:Bendigo,Bendigo,urn:iso:std:iso:3166:-2:AU-Vic.,https://www.aec.gov.au/profiles/Vic./bendigo.htm,https://www.aec.gov.au/Electorates/Redistributions/2017/vic/determination.htm,2018
urn:aec.gov.au:division:Bruce,Bruce,urn:iso:std:iso:3166:-2:AU-Vic.,https://www.aec.gov.au/profiles/Vic./bruce.htm,https://www.aec.gov.au/Electorates/Redistributions/2017/vic/determination.htm,2018
urn:aec.gov.au:division:Calwell,Calwell,urn:iso:std:iso:3166:-2:AU-Vic.,https://www.aec.gov.au/profiles/Vic./calwell.htm,https://www.aec.gov.au/Electorates/Redistributions/2017/vic/determination.htm,2018
urn:aec.gov.au:division:Casey,Casey,urn:iso:std:iso:3166:-2:AU-Vic.,https://www.aec.gov.au/profiles/Vic./casey.htm,https://www.aec.gov.au/Electorates/Redistributions/2017/vic/determination.htm,2018
urn:aec.gov.au:division:Chisholm,Chisholm,urn:iso:std:iso:3166:-2:AU-Vic.,https://www.aec.gov.au/profiles/Vic./chisholm.htm,https://www.aec.gov.au/Electorates/Redistributions/2017/vic/determination.htm,2018
urn:aec.gov.au:division:Cooper,Cooper,urn:iso:std:iso:3166:-2:AU-Vic.,https://www.aec.gov.au/profiles/Vic./cooper.htm,https://www.aec.gov.au/Electorates/Redistributions/2017/vic/determination.htm,2018
urn:aec.gov.au:division:Corangamite,Corangamite,urn:iso:std:iso:3166:-2:AU-Vic.,https://www.aec.gov.au/profiles/Vic./corangamite.htm,https://www.aec.gov.au/Electorates/Redistributions/2017/vic/determination.htm,2018
urn:aec.gov.au:division:Corio,Corio,urn:iso:std:iso:3166:-2:AU-Vic.,https://www.aec.gov.au/profiles/Vic./corio.htm,https://www.aec.gov.au/Electorates/Redistributions/2017/vic/determination.htm,2018
urn:aec.gov.au:division:Deakin,Deakin,urn:iso:std:iso:3166:-2:AU-Vic.,https://www.aec.gov.au/profiles/Vic./deakin.htm,https://www.aec.gov.au/Electorates/Redistributions/2017/vic/determination.htm,2018
urn:aec.gov.au:division:Dunkley,Dunkley,urn:iso:std:iso:3166:-2:AU-Vic.,https://www.aec.gov.au/profiles/Vic./dunkley.htm,https://www.aec.gov.au/Electorates/Redistributions/2017/vic/determination.htm,2018
urn:aec.gov.au:division:Flinders,Flinders,urn:iso:std:iso:3166:-2:AU-Vic.,https://www.aec.gov.au/profiles/Vic./flinders.htm,https://www.aec.gov.au/Electorates/Redistributions/2017/vic/determination.htm,2018
urn:aec.gov.au:division:Fraser,Fraser,urn:iso:std:iso:3166:-2:AU-Vic.,https://www.aec.gov.au/profiles/Vic./fraser.htm,https://www.aec.gov.au/Electorates/Redistributions/2017/vic/determination.htm,2018
urn:aec.gov.au:division:Gellibrand,Gellibrand,urn:iso:std:iso:3166:-2:AU-Vic.,https://www.aec.gov.au/profiles/Vic./gellibrand.htm,https://www.aec.gov.au/Electorates/Redistributions/2017/vic/determination.htm,2018
urn:aec.gov.au:division:Gippsland,Gippsland,urn:iso:std:iso:3166:-2:AU-Vic.,https://www.aec.gov.au/profiles/Vic./gippsland.htm,https://www.aec.gov.au/Electorates/Redistributions/2017/vic/determination.htm,2018
urn:aec.gov.au:division:Goldstein,Goldstein,urn:iso:std:iso:3166:-2:AU-Vic.,https://www.aec.gov.au/profiles/Vic./goldstein.htm,https://www.aec.gov.au/Electorates/Redistributions/2017/vic/determination.htm,2018
urn:aec.gov.au:division:Gorton,Gorton,urn:iso:std:iso:3166:-2:AU-Vic.,https://www.aec.gov.au/profiles/Vic./gorton.htm,https://www.aec.gov.au/Electorates/Redistributions/2017/vic/determination.htm,2018
urn:aec.gov.au:division:Higgins,Higgins,urn:iso:std:iso:3166:-2:AU-Vic.,https://www.aec.gov.au/profiles/Vic./higgins.htm,https://www.aec.gov.au/Electorates/Redistributions/2017/vic/determination.htm,2018
urn:aec.gov.au:division:Holt,Holt,urn:iso:std:iso:3166:-2:AU-Vic.,https://www.aec.gov.au/profiles/Vic./holt.htm,https://www.aec.gov.au/Electorates/Redistributions/2017/vic/determination.htm,2018
urn:aec.gov.au:division:Hotham,Hotham,urn:iso:std:iso:3166:-2:AU-Vic.,https://www.aec.gov.au/profiles/Vic./hotham.htm,https://www.aec.gov.au/Electorates/Redistributions/2017/vic/determination.htm,2018
urn:aec.gov.au:division:Indi,Indi,urn:iso:std:iso:3166:-2:AU-Vic.,https://www.aec.gov.au/profiles/Vic./indi.htm,https://www.aec.gov.au/Electorates/Redistributions/2017/vic/determination.htm,2018
urn:aec.gov.au:division:Isaacs,Isaacs,urn:iso:std:iso:3166:-2:AU-Vic.,https://www.aec.gov.au/profiles/Vic./isaacs.htm,https://www.aec.gov.au/Electorates/Redistributions/2017/vic/determination.htm,2018
urn:aec.gov.au:division:Jagajaga,Jagajaga,urn:iso:std:iso:3166:-2:AU-Vic.,https://www.aec.gov.au/profiles/Vic./jagajaga.htm,https://www.aec.gov.au/Electorates/Redistributions/2017/vic/determination.htm,2018
urn:aec.gov.au:division:Kooyong,Kooyong,urn:iso:std:iso:3166:-2:AU-Vic.,https://www.aec.gov.au/profiles/Vic./kooyong.htm,https://www.aec.gov.au/Electorates/Redistributions/2017/vic/determination.htm,2018
urn:aec.gov.au:division:Lalor,Lalor,urn:iso:std:iso:3166:-2:AU-Vic.,https://www.aec.gov.au/profiles/Vic./lalor.htm,https://www.aec.gov.au/Electorates/Redistributions/2017/vic/determination.htm,2018
urn:aec.gov.au:division:LaTrobe,La Trobe,urn:iso:std:iso:3166:-2:AU-Vic.,https://www.aec.gov.au/profiles/Vic./la-trobe.htm,https://www.aec.gov.au/Electorates/Redistributions/2017/vic/determination.htm,2018
urn:aec.gov.au:division:Macnamara,Macnamara,urn:iso:std:iso:3166:-2:AU-Vic.,https://www.aec.gov.au/profiles/Vic./macnamara.htm,https://www.aec.gov.au/Electorates/Redistributions/2017/vic/determination.htm,2018
urn:aec.gov.au:division:Mallee,Mallee,urn:iso:std:iso:3166:-2:AU-Vic.,https://www.aec.gov.au/profiles/Vic./mallee.htm,https://www.aec.gov.au/Electorates/Redistributions/2017/vic/determination.htm,2018
urn:aec.gov.au:division:Maribyrnong,Maribyrnong,urn:iso:std:iso:3166:-2:AU-Vic.,https://www.aec.gov.au/profiles/Vic./maribyrnong.htm,https://www.aec.gov.au/Electorates/Redistributions/2017/vic/determination.htm,2018
urn:aec.gov.au:division:McEwen,McEwen,urn:iso:std:iso:3166:-2:AU-Vic.,https://www.aec.gov.au/profiles/Vic./mcewen.htm,https://www.aec.gov.au/Electorates/Redistributions/2017/vic/determination.htm,2018
urn:aec.gov.au:division:Melbourne,Melbourne,urn:iso:std:iso:3166:-2:AU-Vic.,https://www.aec.gov.au/profiles/Vic./melbourne.htm,https://www.aec.gov.au/Electorates/Redistributions/2017/vic/determination.htm,2018
urn:aec.gov.au:division:Menzies,Menzies,urn:iso:std:iso:3166:-2:AU-Vic.,https://www.aec.gov.au/profiles/Vic./menzies.htm,https://www.aec.gov.au/Electorates/Redistributions/2017/vic/determination.htm,2018
urn:aec.gov.au:division:Monash,Monash,urn:iso:std:iso:3166:-2:AU-Vic.,https://www.aec.gov.au/profiles/Vic./monash.htm,https://www.aec.gov.au/Electorates/Redistributions/2017/vic/determination.htm,2018
urn:aec.gov.au:division:Nicholls,Nicholls,urn:iso:std:iso:3166:-2:AU-Vic.,https://www.aec.gov.au/profiles/Vic./nicholls.htm,https://www.aec.gov.au/Electorates/Redistributions/2017/vic/determination.htm,2018
urn:aec.gov.au:division:Scullin,Scullin,urn:iso:std:iso:3166:-2:AU-Vic.,https://www.aec.gov.au/profiles/Vic./scullin.htm,https://www.aec.gov.au/Electorates/Redistributions/2017/vic/determination.htm,2018
urn:aec.gov.au:division:Wannon,Wannon,urn:iso:std:iso:3166:-2:AU-Vic.,https://www.aec.gov.au/profiles/Vic./wannon.htm,https://www.aec.gov.au/Electorates/Redistributions/2017/vic/determination.htm,2018
urn:aec.gov.au:division:Wills,Wills,urn:iso:std:iso:3166:-2:AU-Vic.,https://www.aec.gov.au/profiles/Vic./wills.htm,https://www.aec.gov.au/Electorates/Redistributions/2017/vic/determination.htm,2018
urn:aec.gov.au:division:Brand,Brand,urn:iso:std:iso:3166:-2:AU-WA,https://www.aec.gov.au/profiles/WA/brand.htm,https://www.aec.gov.au/Electorates/Redistributions/2014/wa/final-report/,2016
urn:aec.gov.au:division:Burt,Burt,urn:iso:std:iso:3166:-2:AU-WA,https://www.aec.gov.au/profiles/WA/burt.htm,https://www.aec.gov.au/Electorates/Redistributions/2014/wa/final-report/,2016
urn:aec.gov.au:division:Canning,Canning,urn:iso:std:iso:3166:-2:AU-WA,https://www.aec.gov.au/profiles/WAwa/canning.htm.htm,https://www.aec.gov.au/Electorates/Redistributions/2014/wa/final-report/,2016
urn:aec.gov.au:division:Cowan,Cowan,urn:iso:std:iso:3166:-2:AU-WA,https://www.aec.gov.au/profiles/WA/cowan.htm,https://www.aec.gov.au/Electorates/Redistributions/2014/wa/final-report/,2016
urn:aec.gov.au:division:Curtin,Curtin,urn:iso:std:iso:3166:-2:AU-WA,https://www.aec.gov.au/profiles/WA/curtin.htm,https://www.aec.gov.au/Electorates/Redistributions/2014/wa/final-report/,2016
urn:aec.gov.au:division:Durack,Durack,urn:iso:std:iso:3166:-2:AU-WA,https://www.aec.gov.au/profiles/WA/durack.htm,https://www.aec.gov.au/Electorates/Redistributions/2014/wa/final-report/,2016
urn:aec.gov.au:division:Forrest,Forrest,urn:iso:std:iso:3166:-2:AU-WA,https://www.aec.gov.au/profiles/WA/forrest.htm,https://www.aec.gov.au/Electorates/Redistributions/2014/wa/final-report/,2016
urn:aec.gov.au:division:Fremantle,Fremantle,urn:iso:std:iso:3166:-2:AU-WA,https://www.aec.gov.au/profiles/WA/profiles/wa/fremantle.htm.htm,https://www.aec.gov.au/Electorates/Redistributions/2014/wa/final-report/,2016
urn:aec.gov.au:division:Hasluck,Hasluck,urn:iso:std:iso:3166:-2:AU-WA,https://www.aec.gov.au/profiles/WA/hasluck.htm,https://www.aec.gov.au/Electorates/Redistributions/2014/wa/final-report/,2016
urn:aec.gov.au:division:Moore,Moore,urn:iso:std:iso:3166:-2:AU-WA,https://www.aec.gov.au/profiles/WA/moore.htm,https://www.aec.gov.au/Electorates/Redistributions/2014/wa/final-report/,2016
urn:aec.gov.au:division:OConnor,O'Connor,urn:iso:std:iso:3166:-2:AU-WA,https://www.aec.gov.au/profiles/WA/oconnor.htm,https://www.aec.gov.au/Electorates/Redistributions/2014/wa/final-report/,2016
urn:aec.gov.au:division:Pearce,Pearce,urn:iso:std:iso:3166:-2:AU-WA,https://www.aec.gov.au/profiles/WA/pearce.htm,https://www.aec.gov.au/Electorates/Redistributions/2014/wa/final-report/,2016
urn:aec.gov.au:division:Perth,Perth,urn:iso:std:iso:3166:-2:AU-WA,https://www.aec.gov.au/profiles/WA/profiles/wa/perth.htm.htm,https://www.aec.gov.au/Electorates/Redistributions/2014/wa/final-report/,2016
urn:aec.gov.au:division:Stirling,Stirling,urn:iso:std:iso:3166:-2:AU-WA,https://www.aec.gov.au/profiles/WA/stirling.htm,https://www.aec.gov.au/Electorates/Redistributions/2014/wa/final-report/,2016
urn:aec.gov.au:division:Swan,Swan,urn:iso:std:iso:3166:-2:AU-WA,https://www.aec.gov.au/profiles/WA/swan.htm,https://www.aec.gov.au/Electorates/Redistributions/2014/wa/final-report/,2016
urn:aec.gov.au:division:Tangney,Tangney,urn:iso:std:iso:3166:-2:AU-WA,https://www.aec.gov.au/profiles/WA/tangney.htm,https://www.aec.gov.au/Electorates/Redistributions/2014/wa/final-report/,2016